id,startup_id,criterio,score
1,1,1.1_precisao_basica,3.0
2,1,1.2_calibracao,5.0
3,1,1.3_estabilidade_leitura,5.0
4,1,1.4_latencia_sinal,4.0
5,1,1.5_relacao_sinal_ruido,3.0
6,1,2.1_custo_bom,4.0
7,1,2.2_custo_opex,5.0
8,1,2.3_tempo_deploy,3.0
9,1,2.4_escalabilidade_fabril,3.0
10,1,2.5_competitividade_preco,3.0
11,1,3.1_mtbf_teorico,4.0
12,1,3.2_tratamento_erros,3.0
13,1,3.3_estabilidade_firmware,3.0
14,1,3.4_tempo_recuperacao,5.0
15,1,3.5_stress_test,5.0
16,1,4.1_tempo_instalacao,4.0
17,1,4.2_facilidade_config,4.0
18,1,4.3_clareza_dashboard,4.0
19,1,4.4_feedback_usuario,4.0
20,1,4.5_doc_tecnica,5.0
21,1,5.1_autonomia_bateria,5.0
22,1,5.2_eficiencia_carga,4.0
23,1,5.3_consumo_standby,4.0
24,1,5.4_dimensionamento_fonte,4.0
25,1,5.5_modo_sleep,5.0
26,1,6.1_protecao_ip_agua,5.0
27,1,6.2_resistencia_termica,3.0
28,1,6.3_integridade_mecanica,3.0
29,1,6.4_resistencia_impacto,3.0
30,1,6.5_durabilidade_conector,3.0
31,1,7.1_perda_pacotes,3.0
32,1,7.2_latencia_nuvem,4.0
33,1,7.3_integridade_backup,4.0
34,1,7.4_resiliencia_api,4.0
35,1,7.5_seguranca_cripto,4.0
36,1,8.1_risco_supply_chain,3.0
37,1,8.2_frequencia_manutencao,3.0
38,1,8.3_indice_reparabilidade,5.0
39,1,8.4_tempo_montagem,4.0
40,1,8.5_ciclo_vida_material,4.0
41,2,1.1_precisao_basica,4.0
42,2,1.2_calibracao,3.0
43,2,1.3_estabilidade_leitura,4.0
44,2,1.4_latencia_sinal,5.0
45,2,1.5_relacao_sinal_ruido,5.0
46,2,2.1_custo_bom,3.0
47,2,2.2_custo_opex,4.0
48,2,2.3_tempo_deploy,5.0
49,2,2.4_escalabilidade_fabril,3.0
50,2,2.5_competitividade_preco,5.0
51,2,3.1_mtbf_teorico,5.0
52,2,3.2_tratamento_erros,4.0
53,2,3.3_estabilidade_firmware,5.0
54,2,3.4_tempo_recuperacao,3.0
55,2,3.5_stress_test,4.0
56,2,4.1_tempo_instalacao,5.0
57,2,4.2_facilidade_config,5.0
58,2,4.3_clareza_dashboard,5.0
59,2,4.4_feedback_usuario,3.0
60,2,4.5_doc_tecnica,5.0
61,2,5.1_autonomia_bateria,3.0
62,2,5.2_eficiencia_carga,5.0
63,2,5.3_consumo_standby,5.0
64,2,5.4_dimensionamento_fonte,4.0
65,2,5.5_modo_sleep,5.0
66,2,6.1_protecao_ip_agua,3.0
67,2,6.2_resistencia_termica,5.0
68,2,6.3_integridade_mecanica,5.0
69,2,6.4_resistencia_impacto,3.0
70,2,6.5_durabilidade_conector,5.0
71,2,7.1_perda_pacotes,3.0
72,2,7.2_latencia_nuvem,5.0
73,2,7.3_integridade_backup,3.0
74,2,7.4_resiliencia_api,3.0
75,2,7.5_seguranca_cripto,4.0
76,2,8.1_risco_supply_chain,5.0
77,2,8.2_frequencia_manutencao,3.0
78,2,8.3_indice_reparabilidade,3.0
79,2,8.4_tempo_montagem,4.0
80,2,8.5_ciclo_vida_material,3.0
81,3,1.1_precisao_basica,1.0
82,3,1.2_calibracao,1.0
83,3,1.3_estabilidade_leitura,3.0
84,3,1.4_latencia_sinal,3.0
85,3,1.5_relacao_sinal_ruido,3.0
86,3,2.1_custo_bom,2.0
87,3,2.2_custo_opex,1.0
88,3,2.3_tempo_deploy,3.0
89,3,2.4_escalabilidade_fabril,1.0
90,3,2.5_competitividade_preco,3.0
91,3,3.1_mtbf_teorico,3.0
92,3,3.2_tratamento_erros,3.0
93,3,3.3_estabilidade_firmware,1.0
94,3,3.4_tempo_recuperacao,3.0
95,3,3.5_stress_test,3.0
96,3,4.1_tempo_instalacao,2.0
97,3,4.2_facilidade_config,2.0
98,3,4.3_clareza_dashboard,2.0
99,3,4.4_feedback_usuario,2.0
100,3,4.5_doc_tecnica,1.0
101,3,5.1_autonomia_bateria,2.0
102,3,5.2_eficiencia_carga,2.0
103,3,5.3_consumo_standby,3.0
104,3,5.4_dimensionamento_fonte,1.0
105,3,5.5_modo_sleep,1.0
106,3,6.1_protecao_ip_agua,3.0
107,3,6.2_resistencia_termica,3.0
108,3,6.3_integridade_mecanica,3.0
109,3,6.4_resistencia_impacto,1.0
110,3,6.5_durabilidade_conector,1.0
111,3,7.1_perda_pacotes,2.0
112,3,7.2_latencia_nuvem,1.0
113,3,7.3_integridade_backup,1.0
114,3,7.4_resiliencia_api,3.0
115,3,7.5_seguranca_cripto,1.0
116,3,8.1_risco_supply_chain,2.0
117,3,8.2_frequencia_manutencao,1.0
118,3,8.3_indice_reparabilidade,3.0
119,3,8.4_tempo_montagem,3.0
120,3,8.5_ciclo_vida_material,1.0
121,4,1.1_precisao_basica,3.0
122,4,1.2_calibracao,5.0
123,4,1.3_estabilidade_leitura,5.0
124,4,1.4_latencia_sinal,3.0
125,4,1.5_relacao_sinal_ruido,3.0
126,4,2.1_custo_bom,3.0
127,4,2.2_custo_opex,3.0
128,4,2.3_tempo_deploy,3.0
129,4,2.4_escalabilidade_fabril,5.0
130,4,2.5_competitividade_preco,4.0
131,4,3.1_mtbf_teorico,3.0
132,4,3.2_tratamento_erros,3.0
133,4,3.3_estabilidade_firmware,3.0
134,4,3.4_tempo_recuperacao,4.0
135,4,3.5_stress_test,3.0
136,4,4.1_tempo_instalacao,5.0
137,4,4.2_facilidade_config,4.0
138,4,4.3_clareza_dashboard,5.0
139,4,4.4_feedback_usuario,3.0
140,4,4.5_doc_tecnica,5.0
141,4,5.1_autonomia_bateria,5.0
142,4,5.2_eficiencia_carga,4.0
143,4,5.3_consumo_standby,3.0
144,4,5.4_dimensionamento_fonte,3.0
145,4,5.5_modo_sleep,3.0
146,4,6.1_protecao_ip_agua,5.0
147,4,6.2_resistencia_termica,4.0
148,4,6.3_integridade_mecanica,5.0
149,4,6.4_resistencia_impacto,5.0
150,4,6.5_durabilidade_conector,3.0
151,4,7.1_perda_pacotes,4.0
152,4,7.2_latencia_nuvem,3.0
153,4,7.3_integridade_backup,4.0
154,4,7.4_resiliencia_api,4.0
155,4,7.5_seguranca_cripto,3.0
156,4,8.1_risco_supply_chain,4.0
157,4,8.2_frequencia_manutencao,4.0
158,4,8.3_indice_reparabilidade,5.0
159,4,8.4_tempo_montagem,3.0
160,4,8.5_ciclo_vida_material,3.0
161,5,1.1_precisao_basica,4.0
162,5,1.2_calibracao,3.0
163,5,1.3_estabilidade_leitura,4.0
164,5,1.4_latencia_sinal,4.0
165,5,1.5_relacao_sinal_ruido,4.0
166,5,2.1_custo_bom,3.0
167,5,2.2_custo_opex,3.0
168,5,2.3_tempo_deploy,4.0
169,5,2.4_escalabilidade_fabril,5.0
170,5,2.5_competitividade_preco,4.0
171,5,3.1_mtbf_teorico,4.0
172,5,3.2_tratamento_erros,3.0
173,5,3.3_estabilidade_firmware,3.0
174,5,3.4_tempo_recuperacao,3.0
175,5,3.5_stress_test,5.0
176,5,4.1_tempo_instalacao,5.0
177,5,4.2_facilidade_config,4.0
178,5,4.3_clareza_dashboard,5.0
179,5,4.4_feedback_usuario,4.0
180,5,4.5_doc_tecnica,4.0
181,5,5.1_autonomia_bateria,5.0
182,5,5.2_eficiencia_carga,5.0
183,5,5.3_consumo_standby,5.0
184,5,5.4_dimensionamento_fonte,5.0
185,5,5.5_modo_sleep,5.0
186,5,6.1_protecao_ip_agua,5.0
187,5,6.2_resistencia_termica,5.0
188,5,6.3_integridade_mecanica,4.0
189,5,6.4_resistencia_impacto,3.0
190,5,6.5_durabilidade_conector,3.0
191,5,7.1_perda_pacotes,3.0
192,5,7.2_latencia_nuvem,3.0
193,5,7.3_integridade_backup,3.0
194,5,7.4_resiliencia_api,5.0
195,5,7.5_seguranca_cripto,3.0
196,5,8.1_risco_supply_chain,4.0
197,5,8.2_frequencia_manutencao,4.0
198,5,8.3_indice_reparabilidade,4.0
199,5,8.4_tempo_montagem,5.0
200,5,8.5_ciclo_vida_material,3.0
201,6,1.1_precisao_basica,2.0
202,6,1.2_calibracao,1.0
203,6,1.3_estabilidade_leitura,1.0
204,6,1.4_latencia_sinal,2.0
205,6,1.5_relacao_sinal_ruido,1.0
206,6,2.1_custo_bom,1.0
207,6,2.2_custo_opex,2.0
208,6,2.3_tempo_deploy,3.0
209,6,2.4_escalabilidade_fabril,2.0
210,6,2.5_competitividade_preco,1.0
211,6,3.1_mtbf_teorico,3.0
212,6,3.2_tratamento_erros,3.0
213,6,3.3_estabilidade_firmware,3.0
214,6,3.4_tempo_recuperacao,3.0
215,6,3.5_stress_test,3.0
216,6,4.1_tempo_instalacao,1.0
217,6,4.2_facilidade_config,3.0
218,6,4.3_clareza_dashboard,2.0
219,6,4.4_feedback_usuario,1.0
220,6,4.5_doc_tecnica,2.0
221,6,5.1_autonomia_bateria,2.0
222,6,5.2_eficiencia_carga,2.0
223,6,5.3_consumo_standby,2.0
224,6,5.4_dimensionamento_fonte,1.0
225,6,5.5_modo_sleep,2.0
226,6,6.1_protecao_ip_agua,2.0
227,6,6.2_resistencia_termica,2.0
228,6,6.3_integridade_mecanica,2.0
229,6,6.4_resistencia_impacto,2.0
230,6,6.5_durabilidade_conector,1.0
231,6,7.1_perda_pacotes,3.0
232,6,7.2_latencia_nuvem,2.0
233,6,7.3_integridade_backup,1.0
234,6,7.4_resiliencia_api,1.0
235,6,7.5_seguranca_cripto,3.0
236,6,8.1_risco_supply_chain,2.0
237,6,8.2_frequencia_manutencao,3.0
238,6,8.3_indice_reparabilidade,2.0
239,6,8.4_tempo_montagem,3.0
240,6,8.5_ciclo_vida_material,3.0
241,7,1.1_precisao_basica,5.0
242,7,1.2_calibracao,4.0
243,7,1.3_estabilidade_leitura,3.0
244,7,1.4_latencia_sinal,4.0
245,7,1.5_relacao_sinal_ruido,4.0
246,7,2.1_custo_bom,4.0
247,7,2.2_custo_opex,3.0
248,7,2.3_tempo_deploy,3.0
249,7,2.4_escalabilidade_fabril,5.0
250,7,2.5_competitividade_preco,4.0
251,7,3.1_mtbf_teorico,5.0
252,7,3.2_tratamento_erros,5.0
253,7,3.3_estabilidade_firmware,3.0
254,7,3.4_tempo_recuperacao,3.0
255,7,3.5_stress_test,5.0
256,7,4.1_tempo_instalacao,4.0
257,7,4.2_facilidade_config,3.0
258,7,4.3_clareza_dashboard,4.0
259,7,4.4_feedback_usuario,5.0
260,7,4.5_doc_tecnica,5.0
261,7,5.1_autonomia_bateria,5.0
262,7,5.2_eficiencia_carga,3.0
263,7,5.3_consumo_standby,5.0
264,7,5.4_dimensionamento_fonte,3.0
265,7,5.5_modo_sleep,4.0
266,7,6.1_protecao_ip_agua,4.0
267,7,6.2_resistencia_termica,3.0
268,7,6.3_integridade_mecanica,5.0
269,7,6.4_resistencia_impacto,4.0
270,7,6.5_durabilidade_conector,4.0
271,7,7.1_perda_pacotes,4.0
272,7,7.2_latencia_nuvem,5.0
273,7,7.3_integridade_backup,5.0
274,7,7.4_resiliencia_api,4.0
275,7,7.5_seguranca_cripto,3.0
276,7,8.1_risco_supply_chain,3.0
277,7,8.2_frequencia_manutencao,5.0
278,7,8.3_indice_reparabilidade,3.0
279,7,8.4_tempo_montagem,4.0
280,7,8.5_ciclo_vida_material,4.0
281,8,1.1_precisao_basica,3.0
282,8,1.2_calibracao,4.0
283,8,1.3_estabilidade_leitura,4.0
284,8,1.4_latencia_sinal,5.0
285,8,1.5_relacao_sinal_ruido,3.0
286,8,2.1_custo_bom,4.0
287,8,2.2_custo_opex,4.0
288,8,2.3_tempo_deploy,5.0
289,8,2.4_escalabilidade_fabril,4.0
290,8,2.5_competitividade_preco,5.0
291,8,3.1_mtbf_teorico,4.0
292,8,3.2_tratamento_erros,3.0
293,8,3.3_estabilidade_firmware,3.0
294,8,3.4_tempo_recuperacao,3.0
295,8,3.5_stress_test,4.0
296,8,4.1_tempo_instalacao,3.0
297,8,4.2_facilidade_config,5.0
298,8,4.3_clareza_dashboard,3.0
299,8,4.4_feedback_usuario,3.0
300,8,4.5_doc_tecnica,4.0
301,8,5.1_autonomia_bateria,5.0
302,8,5.2_eficiencia_carga,3.0
303,8,5.3_consumo_standby,5.0
304,8,5.4_dimensionamento_fonte,4.0
305,8,5.5_modo_sleep,3.0
306,8,6.1_protecao_ip_agua,3.0
307,8,6.2_resistencia_termica,4.0
308,8,6.3_integridade_mecanica,3.0
309,8,6.4_resistencia_impacto,5.0
310,8,6.5_durabilidade_conector,5.0
311,8,7.1_perda_pacotes,5.0
312,8,7.2_latencia_nuvem,3.0
313,8,7.3_integridade_backup,3.0
314,8,7.4_resiliencia_api,5.0
315,8,7.5_seguranca_cripto,4.0
316,8,8.1_risco_supply_chain,3.0
317,8,8.2_frequencia_manutencao,5.0
318,8,8.3_indice_reparabilidade,3.0
319,8,8.4_tempo_montagem,4.0
320,8,8.5_ciclo_vida_material,5.0
321,9,1.1_precisao_basica,4.0
322,9,1.2_calibracao,3.0
323,9,1.3_estabilidade_leitura,5.0
324,9,1.4_latencia_sinal,5.0
325,9,1.5_relacao_sinal_ruido,4.0
326,9,2.1_custo_bom,4.0
327,9,2.2_custo_opex,4.0
328,9,2.3_tempo_deploy,4.0
329,9,2.4_escalabilidade_fabril,3.0
330,9,2.5_competitividade_preco,4.0
331,9,3.1_mtbf_teorico,3.0
332,9,3.2_tratamento_erros,4.0
333,9,3.3_estabilidade_firmware,4.0
334,9,3.4_tempo_recuperacao,5.0
335,9,3.5_stress_test,5.0
336,9,4.1_tempo_instalacao,4.0
337,9,4.2_facilidade_config,3.0
338,9,4.3_clareza_dashboard,4.0
339,9,4.4_feedback_usuario,4.0
340,9,4.5_doc_tecnica,4.0
341,9,5.1_autonomia_bateria,4.0
342,9,5.2_eficiencia_carga,4.0
343,9,5.3_consumo_standby,3.0
344,9,5.4_dimensionamento_fonte,4.0
345,9,5.5_modo_sleep,5.0
346,9,6.1_protecao_ip_agua,4.0
347,9,6.2_resistencia_termica,3.0
348,9,6.3_integridade_mecanica,5.0
349,9,6.4_resistencia_impacto,3.0
350,9,6.5_durabilidade_conector,5.0
351,9,7.1_perda_pacotes,4.0
352,9,7.2_latencia_nuvem,5.0
353,9,7.3_integridade_backup,3.0
354,9,7.4_resiliencia_api,4.0
355,9,7.5_seguranca_cripto,5.0
356,9,8.1_risco_supply_chain,4.0
357,9,8.2_frequencia_manutencao,3.0
358,9,8.3_indice_reparabilidade,3.0
359,9,8.4_tempo_montagem,3.0
360,9,8.5_ciclo_vida_material,5.0
361,10,1.1_precisao_basica,2.0
362,10,1.2_calibracao,3.0
363,10,1.3_estabilidade_leitura,1.0
364,10,1.4_latencia_sinal,3.0
365,10,1.5_relacao_sinal_ruido,1.0
366,10,2.1_custo_bom,1.0
367,10,2.2_custo_opex,3.0
368,10,2.3_tempo_deploy,1.0
369,10,2.4_escalabilidade_fabril,3.0
370,10,2.5_competitividade_preco,1.0
371,10,3.1_mtbf_teorico,2.0
372,10,3.2_tratamento_erros,1.0
373,10,3.3_estabilidade_firmware,3.0
374,10,3.4_tempo_recuperacao,2.0
375,10,3.5_stress_test,3.0
376,10,4.1_tempo_instalacao,1.0
377,10,4.2_facilidade_config,2.0
378,10,4.3_clareza_dashboard,1.0
379,10,4.4_feedback_usuario,3.0
380,10,4.5_doc_tecnica,3.0
381,10,5.1_autonomia_bateria,3.0
382,10,5.2_eficiencia_carga,1.0
383,10,5.3_consumo_standby,1.0
384,10,5.4_dimensionamento_fonte,3.0
385,10,5.5_modo_sleep,1.0
386,10,6.1_protecao_ip_agua,3.0
387,10,6.2_resistencia_termica,1.0
388,10,6.3_integridade_mecanica,1.0
389,10,6.4_resistencia_impacto,3.0
390,10,6.5_durabilidade_conector,2.0
391,10,7.1_perda_pacotes,3.0
392,10,7.2_latencia_nuvem,2.0
393,10,7.3_integridade_backup,2.0
394,10,7.4_resiliencia_api,1.0
395,10,7.5_seguranca_cripto,2.0
396,10,8.1_risco_supply_chain,1.0
397,10,8.2_frequencia_manutencao,1.0
398,10,8.3_indice_reparabilidade,2.0
399,10,8.4_tempo_montagem,2.0
400,10,8.5_ciclo_vida_material,2.0
401,11,1.1_precisao_basica,5.0
402,11,1.2_calibracao,5.0
403,11,1.3_estabilidade_leitura,3.0
404,11,1.4_latencia_sinal,4.0
405,11,1.5_relacao_sinal_ruido,3.0
406,11,2.1_custo_bom,3.0
407,11,2.2_custo_opex,4.0
408,11,2.3_tempo_deploy,3.0
409,11,2.4_escalabilidade_fabril,4.0
410,11,2.5_competitividade_preco,3.0
411,11,3.1_mtbf_teorico,3.0
412,11,3.2_tratamento_erros,3.0
413,11,3.3_estabilidade_firmware,5.0
414,11,3.4_tempo_recuperacao,3.0
415,11,3.5_stress_test,3.0
416,11,4.1_tempo_instalacao,3.0
417,11,4.2_facilidade_config,4.0
418,11,4.3_clareza_dashboard,5.0
419,11,4.4_feedback_usuario,5.0
420,11,4.5_doc_tecnica,5.0
421,11,5.1_autonomia_bateria,5.0
422,11,5.2_eficiencia_carga,4.0
423,11,5.3_consumo_standby,3.0
424,11,5.4_dimensionamento_fonte,4.0
425,11,5.5_modo_sleep,3.0
426,11,6.1_protecao_ip_agua,4.0
427,11,6.2_resistencia_termica,5.0
428,11,6.3_integridade_mecanica,3.0
429,11,6.4_resistencia_impacto,4.0
430,11,6.5_durabilidade_conector,5.0
431,11,7.1_perda_pacotes,4.0
432,11,7.2_latencia_nuvem,5.0
433,11,7.3_integridade_backup,3.0
434,11,7.4_resiliencia_api,5.0
435,11,7.5_seguranca_cripto,4.0
436,11,8.1_risco_supply_chain,3.0
437,11,8.2_frequencia_manutencao,4.0
438,11,8.3_indice_reparabilidade,4.0
439,11,8.4_tempo_montagem,4.0
440,11,8.5_ciclo_vida_material,4.0
441,12,1.1_precisao_basica,3.0
442,12,1.2_calibracao,5.0
443,12,1.3_estabilidade_leitura,5.0
444,12,1.4_latencia_sinal,4.0
445,12,1.5_relacao_sinal_ruido,3.0
446,12,2.1_custo_bom,3.0
447,12,2.2_custo_opex,5.0
448,12,2.3_tempo_deploy,5.0
449,12,2.4_escalabilidade_fabril,5.0
450,12,2.5_competitividade_preco,3.0
451,12,3.1_mtbf_teorico,3.0
452,12,3.2_tratamento_erros,5.0
453,12,3.3_estabilidade_firmware,3.0
454,12,3.4_tempo_recuperacao,5.0
455,12,3.5_stress_test,3.0
456,12,4.1_tempo_instalacao,3.0
457,12,4.2_facilidade_config,3.0
458,12,4.3_clareza_dashboard,3.0
459,12,4.4_feedback_usuario,3.0
460,12,4.5_doc_tecnica,5.0
461,12,5.1_autonomia_bateria,3.0
462,12,5.2_eficiencia_carga,3.0
463,12,5.3_consumo_standby,3.0
464,12,5.4_dimensionamento_fonte,4.0
465,12,5.5_modo_sleep,3.0
466,12,6.1_protecao_ip_agua,5.0
467,12,6.2_resistencia_termica,4.0
468,12,6.3_integridade_mecanica,4.0
469,12,6.4_resistencia_impacto,5.0
470,12,6.5_durabilidade_conector,3.0
471,12,7.1_perda_pacotes,4.0
472,12,7.2_latencia_nuvem,4.0
473,12,7.3_integridade_backup,5.0
474,12,7.4_resiliencia_api,4.0
475,12,7.5_seguranca_cripto,5.0
476,12,8.1_risco_supply_chain,3.0
477,12,8.2_frequencia_manutencao,3.0
478,12,8.3_indice_reparabilidade,3.0
479,12,8.4_tempo_montagem,3.0
480,12,8.5_ciclo_vida_material,3.0
481,13,1.1_precisao_basica,1.0
482,13,1.2_calibracao,3.0
483,13,1.3_estabilidade_leitura,3.0
484,13,1.4_latencia_sinal,1.0
485,13,1.5_relacao_sinal_ruido,1.0
486,13,2.1_custo_bom,2.0
487,13,2.2_custo_opex,2.0
488,13,2.3_tempo_deploy,1.0
489,13,2.4_escalabilidade_fabril,1.0
490,13,2.5_competitividade_preco,3.0
491,13,3.1_mtbf_teorico,2.0
492,13,3.2_tratamento_erros,1.0
493,13,3.3_estabilidade_firmware,3.0
494,13,3.4_tempo_recuperacao,2.0
495,13,3.5_stress_test,3.0
496,13,4.1_tempo_instalacao,1.0
497,13,4.2_facilidade_config,2.0
498,13,4.3_clareza_dashboard,2.0
499,13,4.4_feedback_usuario,2.0
500,13,4.5_doc_tecnica,3.0
501,13,5.1_autonomia_bateria,1.0
502,13,5.2_eficiencia_carga,2.0
503,13,5.3_consumo_standby,2.0
504,13,5.4_dimensionamento_fonte,1.0
505,13,5.5_modo_sleep,1.0
506,13,6.1_protecao_ip_agua,1.0
507,13,6.2_resistencia_termica,1.0
508,13,6.3_integridade_mecanica,2.0
509,13,6.4_resistencia_impacto,3.0
510,13,6.5_durabilidade_conector,2.0
511,13,7.1_perda_pacotes,3.0
512,13,7.2_latencia_nuvem,3.0
513,13,7.3_integridade_backup,2.0
514,13,7.4_resiliencia_api,3.0
515,13,7.5_seguranca_cripto,1.0
516,13,8.1_risco_supply_chain,3.0
517,13,8.2_frequencia_manutencao,1.0
518,13,8.3_indice_reparabilidade,2.0
519,13,8.4_tempo_montagem,1.0
520,13,8.5_ciclo_vida_material,1.0
521,14,1.1_precisao_basica,5.0
522,14,1.2_calibracao,3.0
523,14,1.3_estabilidade_leitura,4.0
524,14,1.4_latencia_sinal,4.0
525,14,1.5_relacao_sinal_ruido,5.0
526,14,2.1_custo_bom,4.0
527,14,2.2_custo_opex,3.0
528,14,2.3_tempo_deploy,4.0
529,14,2.4_escalabilidade_fabril,5.0
530,14,2.5_competitividade_preco,3.0
531,14,3.1_mtbf_teorico,5.0
532,14,3.2_tratamento_erros,5.0
533,14,3.3_estabilidade_firmware,3.0
534,14,3.4_tempo_recuperacao,3.0
535,14,3.5_stress_test,3.0
536,14,4.1_tempo_instalacao,4.0
537,14,4.2_facilidade_config,3.0
538,14,4.3_clareza_dashboard,3.0
539,14,4.4_feedback_usuario,3.0
540,14,4.5_doc_tecnica,3.0
541,14,5.1_autonomia_bateria,5.0
542,14,5.2_eficiencia_carga,5.0
543,14,5.3_consumo_standby,3.0
544,14,5.4_dimensionamento_fonte,3.0
545,14,5.5_modo_sleep,5.0
546,14,6.1_protecao_ip_agua,5.0
547,14,6.2_resistencia_termica,4.0
548,14,6.3_integridade_mecanica,4.0
549,14,6.4_resistencia_impacto,5.0
550,14,6.5_durabilidade_conector,5.0
551,14,7.1_perda_pacotes,4.0
552,14,7.2_latencia_nuvem,5.0
553,14,7.3_integridade_backup,5.0
554,14,7.4_resiliencia_api,4.0
555,14,7.5_seguranca_cripto,3.0
556,14,8.1_risco_supply_chain,5.0
557,14,8.2_frequencia_manutencao,3.0
558,14,8.3_indice_reparabilidade,3.0
559,14,8.4_tempo_montagem,5.0
560,14,8.5_ciclo_vida_material,4.0
561,15,1.1_precisao_basica,3.0
562,15,1.2_calibracao,3.0
563,15,1.3_estabilidade_leitura,5.0
564,15,1.4_latencia_sinal,5.0
565,15,1.5_relacao_sinal_ruido,5.0
566,15,2.1_custo_bom,3.0
567,15,2.2_custo_opex,5.0
568,15,2.3_tempo_deploy,3.0
569,15,2.4_escalabilidade_fabril,3.0
570,15,2.5_competitividade_preco,5.0
571,15,3.1_mtbf_teorico,5.0
572,15,3.2_tratamento_erros,4.0
573,15,3.3_estabilidade_firmware,4.0
574,15,3.4_tempo_recuperacao,3.0
575,15,3.5_stress_test,4.0
576,15,4.1_tempo_instalacao,5.0
577,15,4.2_facilidade_config,5.0
578,15,4.3_clareza_dashboard,4.0
579,15,4.4_feedback_usuario,3.0
580,15,4.5_doc_tecnica,5.0
581,15,5.1_autonomia_bateria,4.0
582,15,5.2_eficiencia_carga,4.0
583,15,5.3_consumo_standby,4.0
584,15,5.4_dimensionamento_fonte,3.0
585,15,5.5_modo_sleep,3.0
586,15,6.1_protecao_ip_agua,3.0
587,15,6.2_resistencia_termica,4.0
588,15,6.3_integridade_mecanica,5.0
589,15,6.4_resistencia_impacto,5.0
590,15,6.5_durabilidade_conector,3.0
591,15,7.1_perda_pacotes,4.0
592,15,7.2_latencia_nuvem,4.0
593,15,7.3_integridade_backup,5.0
594,15,7.4_resiliencia_api,4.0
595,15,7.5_seguranca_cripto,3.0
596,15,8.1_risco_supply_chain,5.0
597,15,8.2_frequencia_manutencao,5.0
598,15,8.3_indice_reparabilidade,4.0
599,15,8.4_tempo_montagem,4.0
600,15,8.5_ciclo_vida_material,4.0
601,16,1.1_precisao_basica,3.0
602,16,1.2_calibracao,5.0
603,16,1.3_estabilidade_leitura,5.0
604,16,1.4_latencia_sinal,3.0
605,16,1.5_relacao_sinal_ruido,4.0
606,16,2.1_custo_bom,3.0
607,16,2.2_custo_opex,5.0
608,16,2.3_tempo_deploy,4.0
609,16,2.4_escalabilidade_fabril,4.0
610,16,2.5_competitividade_preco,4.0
611,16,3.1_mtbf_teorico,5.0
612,16,3.2_tratamento_erros,5.0
613,16,3.3_estabilidade_firmware,5.0
614,16,3.4_tempo_recuperacao,3.0
615,16,3.5_stress_test,4.0
616,16,4.1_tempo_instalacao,4.0
617,16,4.2_facilidade_config,4.0
618,16,4.3_clareza_dashboard,5.0
619,16,4.4_feedback_usuario,4.0
620,16,4.5_doc_tecnica,3.0
621,16,5.1_autonomia_bateria,5.0
622,16,5.2_eficiencia_carga,4.0
623,16,5.3_consumo_standby,3.0
624,16,5.4_dimensionamento_fonte,3.0
625,16,5.5_modo_sleep,5.0
626,16,6.1_protecao_ip_agua,3.0
627,16,6.2_resistencia_termica,4.0
628,16,6.3_integridade_mecanica,3.0
629,16,6.4_resistencia_impacto,3.0
630,16,6.5_durabilidade_conector,3.0
631,16,7.1_perda_pacotes,3.0
632,16,7.2_latencia_nuvem,5.0
633,16,7.3_integridade_backup,3.0
634,16,7.4_resiliencia_api,3.0
635,16,7.5_seguranca_cripto,3.0
636,16,8.1_risco_supply_chain,5.0
637,16,8.2_frequencia_manutencao,3.0
638,16,8.3_indice_reparabilidade,4.0
639,16,8.4_tempo_montagem,5.0
640,16,8.5_ciclo_vida_material,3.0
641,17,1.1_precisao_basica,4.0
642,17,1.2_calibracao,3.0
643,17,1.3_estabilidade_leitura,3.0
644,17,1.4_latencia_sinal,4.0
645,17,1.5_relacao_sinal_ruido,4.0
646,17,2.1_custo_bom,5.0
647,17,2.2_custo_opex,4.0
648,17,2.3_tempo_deploy,4.0
649,17,2.4_escalabilidade_fabril,5.0
650,17,2.5_competitividade_preco,3.0
651,17,3.1_mtbf_teorico,5.0
652,17,3.2_tratamento_erros,5.0
653,17,3.3_estabilidade_firmware,5.0
654,17,3.4_tempo_recuperacao,3.0
655,17,3.5_stress_test,3.0
656,17,4.1_tempo_instalacao,4.0
657,17,4.2_facilidade_config,5.0
658,17,4.3_clareza_dashboard,5.0
659,17,4.4_feedback_usuario,4.0
660,17,4.5_doc_tecnica,5.0
661,17,5.1_autonomia_bateria,3.0
662,17,5.2_eficiencia_carga,5.0
663,17,5.3_consumo_standby,4.0
664,17,5.4_dimensionamento_fonte,4.0
665,17,5.5_modo_sleep,4.0
666,17,6.1_protecao_ip_agua,3.0
667,17,6.2_resistencia_termica,4.0
668,17,6.3_integridade_mecanica,3.0
669,17,6.4_resistencia_impacto,4.0
670,17,6.5_durabilidade_conector,4.0
671,17,7.1_perda_pacotes,4.0
672,17,7.2_latencia_nuvem,4.0
673,17,7.3_integridade_backup,3.0
674,17,7.4_resiliencia_api,5.0
675,17,7.5_seguranca_cripto,4.0
676,17,8.1_risco_supply_chain,4.0
677,17,8.2_frequencia_manutencao,3.0
678,17,8.3_indice_reparabilidade,4.0
679,17,8.4_tempo_montagem,3.0
680,17,8.5_ciclo_vida_material,5.0
681,18,1.1_precisao_basica,1.0
682,18,1.2_calibracao,2.0
683,18,1.3_estabilidade_leitura,3.0
684,18,1.4_latencia_sinal,2.0
685,18,1.5_relacao_sinal_ruido,2.0
686,18,2.1_custo_bom,1.0
687,18,2.2_custo_opex,1.0
688,18,2.3_tempo_deploy,2.0
689,18,2.4_escalabilidade_fabril,1.0
690,18,2.5_competitividade_preco,3.0
691,18,3.1_mtbf_teorico,1.0
692,18,3.2_tratamento_erros,3.0
693,18,3.3_estabilidade_firmware,1.0
694,18,3.4_tempo_recuperacao,1.0
695,18,3.5_stress_test,3.0
696,18,4.1_tempo_instalacao,1.0
697,18,4.2_facilidade_config,1.0
698,18,4.3_clareza_dashboard,1.0
699,18,4.4_feedback_usuario,2.0
700,18,4.5_doc_tecnica,3.0
701,18,5.1_autonomia_bateria,1.0
702,18,5.2_eficiencia_carga,1.0
703,18,5.3_consumo_standby,1.0
704,18,5.4_dimensionamento_fonte,2.0
705,18,5.5_modo_sleep,1.0
706,18,6.1_protecao_ip_agua,2.0
707,18,6.2_resistencia_termica,3.0
708,18,6.3_integridade_mecanica,2.0
709,18,6.4_resistencia_impacto,1.0
710,18,6.5_durabilidade_conector,3.0
711,18,7.1_perda_pacotes,2.0
712,18,7.2_latencia_nuvem,1.0
713,18,7.3_integridade_backup,2.0
714,18,7.4_resiliencia_api,2.0
715,18,7.5_seguranca_cripto,1.0
716,18,8.1_risco_supply_chain,1.0
717,18,8.2_frequencia_manutencao,1.0
718,18,8.3_indice_reparabilidade,3.0
719,18,8.4_tempo_montagem,2.0
720,18,8.5_ciclo_vida_material,2.0
721,19,1.1_precisao_basica,4.0
722,19,1.2_calibracao,5.0
723,19,1.3_estabilidade_leitura,5.0
724,19,1.4_latencia_sinal,5.0
725,19,1.5_relacao_sinal_ruido,5.0
726,19,2.1_custo_bom,3.0
727,19,2.2_custo_opex,5.0
728,19,2.3_tempo_deploy,3.0
729,19,2.4_escalabilidade_fabril,3.0
730,19,2.5_competitividade_preco,3.0
731,19,3.1_mtbf_teorico,5.0
732,19,3.2_tratamento_erros,3.0
733,19,3.3_estabilidade_firmware,3.0
734,19,3.4_tempo_recuperacao,5.0
735,19,3.5_stress_test,3.0
736,19,4.1_tempo_instalacao,3.0
737,19,4.2_facilidade_config,3.0
738,19,4.3_clareza_dashboard,4.0
739,19,4.4_feedback_usuario,3.0
740,19,4.5_doc_tecnica,4.0
741,19,5.1_autonomia_bateria,4.0
742,19,5.2_eficiencia_carga,3.0
743,19,5.3_consumo_standby,5.0
744,19,5.4_dimensionamento_fonte,5.0
745,19,5.5_modo_sleep,4.0
746,19,6.1_protecao_ip_agua,3.0
747,19,6.2_resistencia_termica,3.0
748,19,6.3_integridade_mecanica,4.0
749,19,6.4_resistencia_impacto,4.0
750,19,6.5_durabilidade_conector,5.0
751,19,7.1_perda_pacotes,5.0
752,19,7.2_latencia_nuvem,3.0
753,19,7.3_integridade_backup,4.0
754,19,7.4_resiliencia_api,4.0
755,19,7.5_seguranca_cripto,4.0
756,19,8.1_risco_supply_chain,4.0
757,19,8.2_frequencia_manutencao,5.0
758,19,8.3_indice_reparabilidade,3.0
759,19,8.4_tempo_montagem,5.0
760,19,8.5_ciclo_vida_material,3.0
761,20,1.1_precisao_basica,5.0
762,20,1.2_calibracao,3.0
763,20,1.3_estabilidade_leitura,3.0
764,20,1.4_latencia_sinal,5.0
765,20,1.5_relacao_sinal_ruido,4.0
766,20,2.1_custo_bom,4.0
767,20,2.2_custo_opex,4.0
768,20,2.3_tempo_deploy,3.0
769,20,2.4_escalabilidade_fabril,4.0
770,20,2.5_competitividade_preco,3.0
771,20,3.1_mtbf_teorico,5.0
772,20,3.2_tratamento_erros,4.0
773,20,3.3_estabilidade_firmware,3.0
774,20,3.4_tempo_recuperacao,3.0
775,20,3.5_stress_test,5.0
776,20,4.1_tempo_instalacao,3.0
777,20,4.2_facilidade_config,5.0
778,20,4.3_clareza_dashboard,3.0
779,20,4.4_feedback_usuario,3.0
780,20,4.5_doc_tecnica,4.0
781,20,5.1_autonomia_bateria,4.0
782,20,5.2_eficiencia_carga,5.0
783,20,5.3_consumo_standby,4.0
784,20,5.4_dimensionamento_fonte,5.0
785,20,5.5_modo_sleep,3.0
786,20,6.1_protecao_ip_agua,5.0
787,20,6.2_resistencia_termica,3.0
788,20,6.3_integridade_mecanica,5.0
789,20,6.4_resistencia_impacto,5.0
790,20,6.5_durabilidade_conector,4.0
791,20,7.1_perda_pacotes,5.0
792,20,7.2_latencia_nuvem,5.0
793,20,7.3_integridade_backup,5.0
794,20,7.4_resiliencia_api,5.0
795,20,7.5_seguranca_cripto,4.0
796,20,8.1_risco_supply_chain,3.0
797,20,8.2_frequencia_manutencao,3.0
798,20,8.3_indice_reparabilidade,5.0
799,20,8.4_tempo_montagem,4.0
800,20,8.5_ciclo_vida_material,3.0
801,21,1.1_precisao_basica,2.0
802,21,1.2_calibracao,1.0
803,21,1.3_estabilidade_leitura,1.0
804,21,1.4_latencia_sinal,1.0
805,21,1.5_relacao_sinal_ruido,2.0
806,21,2.1_custo_bom,2.0
807,21,2.2_custo_opex,3.0
808,21,2.3_tempo_deploy,2.0
809,21,2.4_escalabilidade_fabril,2.0
810,21,2.5_competitividade_preco,3.0
811,21,3.1_mtbf_teorico,3.0
812,21,3.2_tratamento_erros,1.0
813,21,3.3_estabilidade_firmware,3.0
814,21,3.4_tempo_recuperacao,2.0
815,21,3.5_stress_test,1.0
816,21,4.1_tempo_instalacao,2.0
817,21,4.2_facilidade_config,3.0
818,21,4.3_clareza_dashboard,1.0
819,21,4.4_feedback_usuario,1.0
820,21,4.5_doc_tecnica,1.0
821,21,5.1_autonomia_bateria,2.0
822,21,5.2_eficiencia_carga,1.0
823,21,5.3_consumo_standby,3.0
824,21,5.4_dimensionamento_fonte,3.0
825,21,5.5_modo_sleep,1.0
826,21,6.1_protecao_ip_agua,2.0
827,21,6.2_resistencia_termica,2.0
828,21,6.3_integridade_mecanica,3.0
829,21,6.4_resistencia_impacto,3.0
830,21,6.5_durabilidade_conector,1.0
831,21,7.1_perda_pacotes,2.0
832,21,7.2_latencia_nuvem,1.0
833,21,7.3_integridade_backup,3.0
834,21,7.4_resiliencia_api,2.0
835,21,7.5_seguranca_cripto,3.0
836,21,8.1_risco_supply_chain,3.0
837,21,8.2_frequencia_manutencao,3.0
838,21,8.3_indice_reparabilidade,3.0
839,21,8.4_tempo_montagem,1.0
840,21,8.5_ciclo_vida_material,3.0
841,22,1.1_precisao_basica,5.0
842,22,1.2_calibracao,5.0
843,22,1.3_estabilidade_leitura,5.0
844,22,1.4_latencia_sinal,4.0
845,22,1.5_relacao_sinal_ruido,5.0
846,22,2.1_custo_bom,5.0
847,22,2.2_custo_opex,3.0
848,22,2.3_tempo_deploy,4.0
849,22,2.4_escalabilidade_fabril,5.0
850,22,2.5_competitividade_preco,5.0
851,22,3.1_mtbf_teorico,3.0
852,22,3.2_tratamento_erros,3.0
853,22,3.3_estabilidade_firmware,5.0
854,22,3.4_tempo_recuperacao,5.0
855,22,3.5_stress_test,3.0
856,22,4.1_tempo_instalacao,3.0
857,22,4.2_facilidade_config,3.0
858,22,4.3_clareza_dashboard,4.0
859,22,4.4_feedback_usuario,3.0
860,22,4.5_doc_tecnica,4.0
861,22,5.1_autonomia_bateria,3.0
862,22,5.2_eficiencia_carga,5.0
863,22,5.3_consumo_standby,4.0
864,22,5.4_dimensionamento_fonte,4.0
865,22,5.5_modo_sleep,5.0
866,22,6.1_protecao_ip_agua,4.0
867,22,6.2_resistencia_termica,3.0
868,22,6.3_integridade_mecanica,4.0
869,22,6.4_resistencia_impacto,3.0
870,22,6.5_durabilidade_conector,3.0
871,22,7.1_perda_pacotes,3.0
872,22,7.2_latencia_nuvem,5.0
873,22,7.3_integridade_backup,5.0
874,22,7.4_resiliencia_api,3.0
875,22,7.5_seguranca_cripto,5.0
876,22,8.1_risco_supply_chain,3.0
877,22,8.2_frequencia_manutencao,4.0
878,22,8.3_indice_reparabilidade,4.0
879,22,8.4_tempo_montagem,4.0
880,22,8.5_ciclo_vida_material,3.0
881,23,1.1_precisao_basica,4.0
882,23,1.2_calibracao,4.0
883,23,1.3_estabilidade_leitura,4.0
884,23,1.4_latencia_sinal,4.0
885,23,1.5_relacao_sinal_ruido,4.0
886,23,2.1_custo_bom,5.0
887,23,2.2_custo_opex,5.0
888,23,2.3_tempo_deploy,4.0
889,23,2.4_escalabilidade_fabril,3.0
890,23,2.5_competitividade_preco,3.0
891,23,3.1_mtbf_teorico,5.0
892,23,3.2_tratamento_erros,5.0
893,23,3.3_estabilidade_firmware,3.0
894,23,3.4_tempo_recuperacao,4.0
895,23,3.5_stress_test,3.0
896,23,4.1_tempo_instalacao,3.0
897,23,4.2_facilidade_config,3.0
898,23,4.3_clareza_dashboard,3.0
899,23,4.4_feedback_usuario,5.0
900,23,4.5_doc_tecnica,5.0
901,23,5.1_autonomia_bateria,4.0
902,23,5.2_eficiencia_carga,5.0
903,23,5.3_consumo_standby,5.0
904,23,5.4_dimensionamento_fonte,3.0
905,23,5.5_modo_sleep,3.0
906,23,6.1_protecao_ip_agua,4.0
907,23,6.2_resistencia_termica,4.0
908,23,6.3_integridade_mecanica,4.0
909,23,6.4_resistencia_impacto,5.0
910,23,6.5_durabilidade_conector,4.0
911,23,7.1_perda_pacotes,4.0
912,23,7.2_latencia_nuvem,3.0
913,23,7.3_integridade_backup,4.0
914,23,7.4_resiliencia_api,4.0
915,23,7.5_seguranca_cripto,3.0
916,23,8.1_risco_supply_chain,5.0
917,23,8.2_frequencia_manutencao,5.0
918,23,8.3_indice_reparabilidade,3.0
919,23,8.4_tempo_montagem,4.0
920,23,8.5_ciclo_vida_material,4.0
921,24,1.1_precisao_basica,3.0
922,24,1.2_calibracao,2.0
923,24,1.3_estabilidade_leitura,2.0
924,24,1.4_latencia_sinal,1.0
925,24,1.5_relacao_sinal_ruido,2.0
926,24,2.1_custo_bom,3.0
927,24,2.2_custo_opex,3.0
928,24,2.3_tempo_deploy,2.0
929,24,2.4_escalabilidade_fabril,2.0
930,24,2.5_competitividade_preco,3.0
931,24,3.1_mtbf_teorico,2.0
932,24,3.2_tratamento_erros,1.0
933,24,3.3_estabilidade_firmware,3.0
934,24,3.4_tempo_recuperacao,2.0
935,24,3.5_stress_test,2.0
936,24,4.1_tempo_instalacao,3.0
937,24,4.2_facilidade_config,1.0
938,24,4.3_clareza_dashboard,2.0
939,24,4.4_feedback_usuario,3.0
940,24,4.5_doc_tecnica,2.0
941,24,5.1_autonomia_bateria,1.0
942,24,5.2_eficiencia_carga,1.0
943,24,5.3_consumo_standby,1.0
944,24,5.4_dimensionamento_fonte,3.0
945,24,5.5_modo_sleep,2.0
946,24,6.1_protecao_ip_agua,1.0
947,24,6.2_resistencia_termica,1.0
948,24,6.3_integridade_mecanica,2.0
949,24,6.4_resistencia_impacto,3.0
950,24,6.5_durabilidade_conector,3.0
951,24,7.1_perda_pacotes,3.0
952,24,7.2_latencia_nuvem,3.0
953,24,7.3_integridade_backup,1.0
954,24,7.4_resiliencia_api,3.0
955,24,7.5_seguranca_cripto,1.0
956,24,8.1_risco_supply_chain,3.0
957,24,8.2_frequencia_manutencao,2.0
958,24,8.3_indice_reparabilidade,3.0
959,24,8.4_tempo_montagem,1.0
960,24,8.5_ciclo_vida_material,3.0
961,25,1.1_precisao_basica,3.0
962,25,1.2_calibracao,4.0
963,25,1.3_estabilidade_leitura,3.0
964,25,1.4_latencia_sinal,5.0
965,25,1.5_relacao_sinal_ruido,4.0
966,25,2.1_custo_bom,3.0
967,25,2.2_custo_opex,3.0
968,25,2.3_tempo_deploy,3.0
969,25,2.4_escalabilidade_fabril,3.0
970,25,2.5_competitividade_preco,5.0
971,25,3.1_mtbf_teorico,3.0
972,25,3.2_tratamento_erros,4.0
973,25,3.3_estabilidade_firmware,5.0
974,25,3.4_tempo_recuperacao,4.0
975,25,3.5_stress_test,5.0
976,25,4.1_tempo_instalacao,5.0
977,25,4.2_facilidade_config,3.0
978,25,4.3_clareza_dashboard,5.0
979,25,4.4_feedback_usuario,3.0
980,25,4.5_doc_tecnica,4.0
981,25,5.1_autonomia_bateria,3.0
982,25,5.2_eficiencia_carga,5.0
983,25,5.3_consumo_standby,3.0
984,25,5.4_dimensionamento_fonte,5.0
985,25,5.5_modo_sleep,4.0
986,25,6.1_protecao_ip_agua,3.0
987,25,6.2_resistencia_termica,4.0
988,25,6.3_integridade_mecanica,5.0
989,25,6.4_resistencia_impacto,5.0
990,25,6.5_durabilidade_conector,5.0
991,25,7.1_perda_pacotes,4.0
992,25,7.2_latencia_nuvem,3.0
993,25,7.3_integridade_backup,3.0
994,25,7.4_resiliencia_api,5.0
995,25,7.5_seguranca_cripto,3.0
996,25,8.1_risco_supply_chain,4.0
997,25,8.2_frequencia_manutencao,3.0
998,25,8.3_indice_reparabilidade,5.0
999,25,8.4_tempo_montagem,3.0
1000,25,8.5_ciclo_vida_material,3.0
1001,26,1.1_precisao_basica,3.0
1002,26,1.2_calibracao,5.0
1003,26,1.3_estabilidade_leitura,5.0
1004,26,1.4_latencia_sinal,4.0
1005,26,1.5_relacao_sinal_ruido,4.0
1006,26,2.1_custo_bom,3.0
1007,26,2.2_custo_opex,4.0
1008,26,2.3_tempo_deploy,5.0
1009,26,2.4_escalabilidade_fabril,5.0
1010,26,2.5_competitividade_preco,5.0
1011,26,3.1_mtbf_teorico,5.0
1012,26,3.2_tratamento_erros,3.0
1013,26,3.3_estabilidade_firmware,3.0
1014,26,3.4_tempo_recuperacao,5.0
1015,26,3.5_stress_test,5.0
1016,26,4.1_tempo_instalacao,5.0
1017,26,4.2_facilidade_config,5.0
1018,26,4.3_clareza_dashboard,4.0
1019,26,4.4_feedback_usuario,4.0
1020,26,4.5_doc_tecnica,5.0
1021,26,5.1_autonomia_bateria,4.0
1022,26,5.2_eficiencia_carga,4.0
1023,26,5.3_consumo_standby,3.0
1024,26,5.4_dimensionamento_fonte,5.0
1025,26,5.5_modo_sleep,3.0
1026,26,6.1_protecao_ip_agua,3.0
1027,26,6.2_resistencia_termica,3.0
1028,26,6.3_integridade_mecanica,3.0
1029,26,6.4_resistencia_impacto,3.0
1030,26,6.5_durabilidade_conector,4.0
1031,26,7.1_perda_pacotes,3.0
1032,26,7.2_latencia_nuvem,3.0
1033,26,7.3_integridade_backup,4.0
1034,26,7.4_resiliencia_api,5.0
1035,26,7.5_seguranca_cripto,3.0
1036,26,8.1_risco_supply_chain,5.0
1037,26,8.2_frequencia_manutencao,5.0
1038,26,8.3_indice_reparabilidade,4.0
1039,26,8.4_tempo_montagem,5.0
1040,26,8.5_ciclo_vida_material,3.0
1041,27,1.1_precisao_basica,3.0
1042,27,1.2_calibracao,2.0
1043,27,1.3_estabilidade_leitura,3.0
1044,27,1.4_latencia_sinal,1.0
1045,27,1.5_relacao_sinal_ruido,2.0
1046,27,2.1_custo_bom,3.0
1047,27,2.2_custo_opex,1.0
1048,27,2.3_tempo_deploy,2.0
1049,27,2.4_escalabilidade_fabril,2.0
1050,27,2.5_competitividade_preco,2.0
1051,27,3.1_mtbf_teorico,3.0
1052,27,3.2_tratamento_erros,2.0
1053,27,3.3_estabilidade_firmware,3.0
1054,27,3.4_tempo_recuperacao,1.0
1055,27,3.5_stress_test,3.0
1056,27,4.1_tempo_instalacao,3.0
1057,27,4.2_facilidade_config,3.0
1058,27,4.3_clareza_dashboard,3.0
1059,27,4.4_feedback_usuario,3.0
1060,27,4.5_doc_tecnica,3.0
1061,27,5.1_autonomia_bateria,1.0
1062,27,5.2_eficiencia_carga,2.0
1063,27,5.3_consumo_standby,1.0
1064,27,5.4_dimensionamento_fonte,3.0
1065,27,5.5_modo_sleep,1.0
1066,27,6.1_protecao_ip_agua,2.0
1067,27,6.2_resistencia_termica,1.0
1068,27,6.3_integridade_mecanica,3.0
1069,27,6.4_resistencia_impacto,1.0
1070,27,6.5_durabilidade_conector,3.0
1071,27,7.1_perda_pacotes,3.0
1072,27,7.2_latencia_nuvem,3.0
1073,27,7.3_integridade_backup,1.0
1074,27,7.4_resiliencia_api,3.0
1075,27,7.5_seguranca_cripto,2.0
1076,27,8.1_risco_supply_chain,2.0
1077,27,8.2_frequencia_manutencao,1.0
1078,27,8.3_indice_reparabilidade,3.0
1079,27,8.4_tempo_montagem,1.0
1080,27,8.5_ciclo_vida_material,3.0
1081,28,1.1_precisao_basica,3.0
1082,28,1.2_calibracao,3.0
1083,28,1.3_estabilidade_leitura,5.0
1084,28,1.4_latencia_sinal,5.0
1085,28,1.5_relacao_sinal_ruido,5.0
1086,28,2.1_custo_bom,5.0
1087,28,2.2_custo_opex,4.0
1088,28,2.3_tempo_deploy,4.0
1089,28,2.4_escalabilidade_fabril,4.0
1090,28,2.5_competitividade_preco,4.0
1091,28,3.1_mtbf_teorico,5.0
1092,28,3.2_tratamento_erros,5.0
1093,28,3.3_estabilidade_firmware,3.0
1094,28,3.4_tempo_recuperacao,3.0
1095,28,3.5_stress_test,4.0
1096,28,4.1_tempo_instalacao,3.0
1097,28,4.2_facilidade_config,3.0
1098,28,4.3_clareza_dashboard,3.0
1099,28,4.4_feedback_usuario,3.0
1100,28,4.5_doc_tecnica,5.0
1101,28,5.1_autonomia_bateria,5.0
1102,28,5.2_eficiencia_carga,5.0
1103,28,5.3_consumo_standby,4.0
1104,28,5.4_dimensionamento_fonte,3.0
1105,28,5.5_modo_sleep,3.0
1106,28,6.1_protecao_ip_agua,4.0
1107,28,6.2_resistencia_termica,3.0
1108,28,6.3_integridade_mecanica,3.0
1109,28,6.4_resistencia_impacto,3.0
1110,28,6.5_durabilidade_conector,3.0
1111,28,7.1_perda_pacotes,3.0
1112,28,7.2_latencia_nuvem,3.0
1113,28,7.3_integridade_backup,5.0
1114,28,7.4_resiliencia_api,3.0
1115,28,7.5_seguranca_cripto,5.0
1116,28,8.1_risco_supply_chain,5.0
1117,28,8.2_frequencia_manutencao,5.0
1118,28,8.3_indice_reparabilidade,5.0
1119,28,8.4_tempo_montagem,3.0
1120,28,8.5_ciclo_vida_material,3.0
1121,29,1.1_precisao_basica,4.0
1122,29,1.2_calibracao,5.0
1123,29,1.3_estabilidade_leitura,3.0
1124,29,1.4_latencia_sinal,3.0
1125,29,1.5_relacao_sinal_ruido,4.0
1126,29,2.1_custo_bom,5.0
1127,29,2.2_custo_opex,3.0
1128,29,2.3_tempo_deploy,3.0
1129,29,2.4_escalabilidade_fabril,3.0
1130,29,2.5_competitividade_preco,4.0
1131,29,3.1_mtbf_teorico,4.0
1132,29,3.2_tratamento_erros,4.0
1133,29,3.3_estabilidade_firmware,3.0
1134,29,3.4_tempo_recuperacao,5.0
1135,29,3.5_stress_test,4.0
1136,29,4.1_tempo_instalacao,4.0
1137,29,4.2_facilidade_config,3.0
1138,29,4.3_clareza_dashboard,5.0
1139,29,4.4_feedback_usuario,5.0
1140,29,4.5_doc_tecnica,5.0
1141,29,5.1_autonomia_bateria,3.0
1142,29,5.2_eficiencia_carga,4.0
1143,29,5.3_consumo_standby,3.0
1144,29,5.4_dimensionamento_fonte,5.0
1145,29,5.5_modo_sleep,3.0
1146,29,6.1_protecao_ip_agua,5.0
1147,29,6.2_resistencia_termica,3.0
1148,29,6.3_integridade_mecanica,3.0
1149,29,6.4_resistencia_impacto,5.0
1150,29,6.5_durabilidade_conector,3.0
1151,29,7.1_perda_pacotes,5.0
1152,29,7.2_latencia_nuvem,4.0
1153,29,7.3_integridade_backup,4.0
1154,29,7.4_resiliencia_api,3.0
1155,29,7.5_seguranca_cripto,3.0
1156,29,8.1_risco_supply_chain,3.0
1157,29,8.2_frequencia_manutencao,4.0
1158,29,8.3_indice_reparabilidade,3.0
1159,29,8.4_tempo_montagem,4.0
1160,29,8.5_ciclo_vida_material,4.0
1161,30,1.1_precisao_basica,4.0
1162,30,1.2_calibracao,5.0
1163,30,1.3_estabilidade_leitura,4.0
1164,30,1.4_latencia_sinal,3.0
1165,30,1.5_relacao_sinal_ruido,3.0
1166,30,2.1_custo_bom,4.0
1167,30,2.2_custo_opex,5.0
1168,30,2.3_tempo_deploy,4.0
1169,30,2.4_escalabilidade_fabril,5.0
1170,30,2.5_competitividade_preco,5.0
1171,30,3.1_mtbf_teorico,4.0
1172,30,3.2_tratamento_erros,3.0
1173,30,3.3_estabilidade_firmware,5.0
1174,30,3.4_tempo_recuperacao,3.0
1175,30,3.5_stress_test,5.0
1176,30,4.1_tempo_instalacao,4.0
1177,30,4.2_facilidade_config,3.0
1178,30,4.3_clareza_dashboard,4.0
1179,30,4.4_feedback_usuario,4.0
1180,30,4.5_doc_tecnica,5.0
1181,30,5.1_autonomia_bateria,4.0
1182,30,5.2_eficiencia_carga,4.0
1183,30,5.3_consumo_standby,4.0
1184,30,5.4_dimensionamento_fonte,3.0
1185,30,5.5_modo_sleep,4.0
1186,30,6.1_protecao_ip_agua,4.0
1187,30,6.2_resistencia_termica,5.0
1188,30,6.3_integridade_mecanica,4.0
1189,30,6.4_resistencia_impacto,5.0
1190,30,6.5_durabilidade_conector,4.0
1191,30,7.1_perda_pacotes,5.0
1192,30,7.2_latencia_nuvem,3.0
1193,30,7.3_integridade_backup,3.0
1194,30,7.4_resiliencia_api,5.0
1195,30,7.5_seguranca_cripto,3.0
1196,30,8.1_risco_supply_chain,3.0
1197,30,8.2_frequencia_manutencao,4.0
1198,30,8.3_indice_reparabilidade,5.0
1199,30,8.4_tempo_montagem,5.0
1200,30,8.5_ciclo_vida_material,5.0
1201,31,1.1_precisao_basica,5.0
1202,31,1.2_calibracao,5.0
1203,31,1.3_estabilidade_leitura,4.0
1204,31,1.4_latencia_sinal,5.0
1205,31,1.5_relacao_sinal_ruido,5.0
1206,31,2.1_custo_bom,4.0
1207,31,2.2_custo_opex,4.0
1208,31,2.3_tempo_deploy,5.0
1209,31,2.4_escalabilidade_fabril,5.0
1210,31,2.5_competitividade_preco,4.0
1211,31,3.1_mtbf_teorico,3.0
1212,31,3.2_tratamento_erros,3.0
1213,31,3.3_estabilidade_firmware,5.0
1214,31,3.4_tempo_recuperacao,3.0
1215,31,3.5_stress_test,5.0
1216,31,4.1_tempo_instalacao,4.0
1217,31,4.2_facilidade_config,4.0
1218,31,4.3_clareza_dashboard,5.0
1219,31,4.4_feedback_usuario,4.0
1220,31,4.5_doc_tecnica,4.0
1221,31,5.1_autonomia_bateria,4.0
1222,31,5.2_eficiencia_carga,4.0
1223,31,5.3_consumo_standby,4.0
1224,31,5.4_dimensionamento_fonte,4.0
1225,31,5.5_modo_sleep,4.0
1226,31,6.1_protecao_ip_agua,3.0
1227,31,6.2_resistencia_termica,4.0
1228,31,6.3_integridade_mecanica,3.0
1229,31,6.4_resistencia_impacto,3.0
1230,31,6.5_durabilidade_conector,3.0
1231,31,7.1_perda_pacotes,4.0
1232,31,7.2_latencia_nuvem,5.0
1233,31,7.3_integridade_backup,4.0
1234,31,7.4_resiliencia_api,3.0
1235,31,7.5_seguranca_cripto,3.0
1236,31,8.1_risco_supply_chain,5.0
1237,31,8.2_frequencia_manutencao,5.0
1238,31,8.3_indice_reparabilidade,4.0
1239,31,8.4_tempo_montagem,4.0
1240,31,8.5_ciclo_vida_material,4.0
1241,32,1.1_precisao_basica,1.0
1242,32,1.2_calibracao,2.0
1243,32,1.3_estabilidade_leitura,3.0
1244,32,1.4_latencia_sinal,2.0
1245,32,1.5_relacao_sinal_ruido,3.0
1246,32,2.1_custo_bom,2.0
1247,32,2.2_custo_opex,2.0
1248,32,2.3_tempo_deploy,2.0
1249,32,2.4_escalabilidade_fabril,3.0
1250,32,2.5_competitividade_preco,3.0
1251,32,3.1_mtbf_teorico,2.0
1252,32,3.2_tratamento_erros,1.0
1253,32,3.3_estabilidade_firmware,1.0
1254,32,3.4_tempo_recuperacao,1.0
1255,32,3.5_stress_test,1.0
1256,32,4.1_tempo_instalacao,3.0
1257,32,4.2_facilidade_config,1.0
1258,32,4.3_clareza_dashboard,2.0
1259,32,4.4_feedback_usuario,3.0
1260,32,4.5_doc_tecnica,1.0
1261,32,5.1_autonomia_bateria,3.0
1262,32,5.2_eficiencia_carga,2.0
1263,32,5.3_consumo_standby,1.0
1264,32,5.4_dimensionamento_fonte,1.0
1265,32,5.5_modo_sleep,3.0
1266,32,6.1_protecao_ip_agua,2.0
1267,32,6.2_resistencia_termica,3.0
1268,32,6.3_integridade_mecanica,3.0
1269,32,6.4_resistencia_impacto,3.0
1270,32,6.5_durabilidade_conector,3.0
1271,32,7.1_perda_pacotes,3.0
1272,32,7.2_latencia_nuvem,3.0
1273,32,7.3_integridade_backup,3.0
1274,32,7.4_resiliencia_api,1.0
1275,32,7.5_seguranca_cripto,1.0
1276,32,8.1_risco_supply_chain,2.0
1277,32,8.2_frequencia_manutencao,3.0
1278,32,8.3_indice_reparabilidade,1.0
1279,32,8.4_tempo_montagem,3.0
1280,32,8.5_ciclo_vida_material,2.0
1281,33,1.1_precisao_basica,5.0
1282,33,1.2_calibracao,3.0
1283,33,1.3_estabilidade_leitura,5.0
1284,33,1.4_latencia_sinal,3.0
1285,33,1.5_relacao_sinal_ruido,3.0
1286,33,2.1_custo_bom,3.0
1287,33,2.2_custo_opex,4.0
1288,33,2.3_tempo_deploy,5.0
1289,33,2.4_escalabilidade_fabril,4.0
1290,33,2.5_competitividade_preco,4.0
1291,33,3.1_mtbf_teorico,3.0
1292,33,3.2_tratamento_erros,5.0
1293,33,3.3_estabilidade_firmware,3.0
1294,33,3.4_tempo_recuperacao,3.0
1295,33,3.5_stress_test,3.0
1296,33,4.1_tempo_instalacao,3.0
1297,33,4.2_facilidade_config,4.0
1298,33,4.3_clareza_dashboard,5.0
1299,33,4.4_feedback_usuario,4.0
1300,33,4.5_doc_tecnica,5.0
1301,33,5.1_autonomia_bateria,5.0
1302,33,5.2_eficiencia_carga,4.0
1303,33,5.3_consumo_standby,5.0
1304,33,5.4_dimensionamento_fonte,4.0
1305,33,5.5_modo_sleep,5.0
1306,33,6.1_protecao_ip_agua,4.0
1307,33,6.2_resistencia_termica,4.0
1308,33,6.3_integridade_mecanica,5.0
1309,33,6.4_resistencia_impacto,5.0
1310,33,6.5_durabilidade_conector,5.0
1311,33,7.1_perda_pacotes,4.0
1312,33,7.2_latencia_nuvem,3.0
1313,33,7.3_integridade_backup,5.0
1314,33,7.4_resiliencia_api,4.0
1315,33,7.5_seguranca_cripto,4.0
1316,33,8.1_risco_supply_chain,3.0
1317,33,8.2_frequencia_manutencao,4.0
1318,33,8.3_indice_reparabilidade,3.0
1319,33,8.4_tempo_montagem,5.0
1320,33,8.5_ciclo_vida_material,5.0
1321,34,1.1_precisao_basica,4.0
1322,34,1.2_calibracao,5.0
1323,34,1.3_estabilidade_leitura,4.0
1324,34,1.4_latencia_sinal,4.0
1325,34,1.5_relacao_sinal_ruido,5.0
1326,34,2.1_custo_bom,4.0
1327,34,2.2_custo_opex,5.0
1328,34,2.3_tempo_deploy,5.0
1329,34,2.4_escalabilidade_fabril,3.0
1330,34,2.5_competitividade_preco,4.0
1331,34,3.1_mtbf_teorico,4.0
1332,34,3.2_tratamento_erros,4.0
1333,34,3.3_estabilidade_firmware,4.0
1334,34,3.4_tempo_recuperacao,5.0
1335,34,3.5_stress_test,5.0
1336,34,4.1_tempo_instalacao,3.0
1337,34,4.2_facilidade_config,4.0
1338,34,4.3_clareza_dashboard,4.0
1339,34,4.4_feedback_usuario,4.0
1340,34,4.5_doc_tecnica,4.0
1341,34,5.1_autonomia_bateria,4.0
1342,34,5.2_eficiencia_carga,3.0
1343,34,5.3_consumo_standby,4.0
1344,34,5.4_dimensionamento_fonte,4.0
1345,34,5.5_modo_sleep,3.0
1346,34,6.1_protecao_ip_agua,5.0
1347,34,6.2_resistencia_termica,4.0
1348,34,6.3_integridade_mecanica,4.0
1349,34,6.4_resistencia_impacto,5.0
1350,34,6.5_durabilidade_conector,4.0
1351,34,7.1_perda_pacotes,5.0
1352,34,7.2_latencia_nuvem,4.0
1353,34,7.3_integridade_backup,3.0
1354,34,7.4_resiliencia_api,5.0
1355,34,7.5_seguranca_cripto,5.0
1356,34,8.1_risco_supply_chain,4.0
1357,34,8.2_frequencia_manutencao,3.0
1358,34,8.3_indice_reparabilidade,3.0
1359,34,8.4_tempo_montagem,4.0
1360,34,8.5_ciclo_vida_material,4.0
1361,35,1.1_precisao_basica,1.0
1362,35,1.2_calibracao,1.0
1363,35,1.3_estabilidade_leitura,3.0
1364,35,1.4_latencia_sinal,3.0
1365,35,1.5_relacao_sinal_ruido,3.0
1366,35,2.1_custo_bom,2.0
1367,35,2.2_custo_opex,1.0
1368,35,2.3_tempo_deploy,1.0
1369,35,2.4_escalabilidade_fabril,2.0
1370,35,2.5_competitividade_preco,1.0
1371,35,3.1_mtbf_teorico,2.0
1372,35,3.2_tratamento_erros,3.0
1373,35,3.3_estabilidade_firmware,1.0
1374,35,3.4_tempo_recuperacao,3.0
1375,35,3.5_stress_test,1.0
1376,35,4.1_tempo_instalacao,1.0
1377,35,4.2_facilidade_config,3.0
1378,35,4.3_clareza_dashboard,2.0
1379,35,4.4_feedback_usuario,3.0
1380,35,4.5_doc_tecnica,3.0
1381,35,5.1_autonomia_bateria,3.0
1382,35,5.2_eficiencia_carga,2.0
1383,35,5.3_consumo_standby,1.0
1384,35,5.4_dimensionamento_fonte,1.0
1385,35,5.5_modo_sleep,1.0
1386,35,6.1_protecao_ip_agua,3.0
1387,35,6.2_resistencia_termica,1.0
1388,35,6.3_integridade_mecanica,1.0
1389,35,6.4_resistencia_impacto,1.0
1390,35,6.5_durabilidade_conector,3.0
1391,35,7.1_perda_pacotes,3.0
1392,35,7.2_latencia_nuvem,3.0
1393,35,7.3_integridade_backup,1.0
1394,35,7.4_resiliencia_api,3.0
1395,35,7.5_seguranca_cripto,1.0
1396,35,8.1_risco_supply_chain,1.0
1397,35,8.2_frequencia_manutencao,1.0
1398,35,8.3_indice_reparabilidade,2.0
1399,35,8.4_tempo_montagem,2.0
1400,35,8.5_ciclo_vida_material,3.0
1401,36,1.1_precisao_basica,5.0
1402,36,1.2_calibracao,3.0
1403,36,1.3_estabilidade_leitura,3.0
1404,36,1.4_latencia_sinal,5.0
1405,36,1.5_relacao_sinal_ruido,3.0
1406,36,2.1_custo_bom,4.0
1407,36,2.2_custo_opex,4.0
1408,36,2.3_tempo_deploy,4.0
1409,36,2.4_escalabilidade_fabril,4.0
1410,36,2.5_competitividade_preco,4.0
1411,36,3.1_mtbf_teorico,4.0
1412,36,3.2_tratamento_erros,4.0
1413,36,3.3_estabilidade_firmware,5.0
1414,36,3.4_tempo_recuperacao,3.0
1415,36,3.5_stress_test,5.0
1416,36,4.1_tempo_instalacao,4.0
1417,36,4.2_facilidade_config,3.0
1418,36,4.3_clareza_dashboard,5.0
1419,36,4.4_feedback_usuario,3.0
1420,36,4.5_doc_tecnica,5.0
1421,36,5.1_autonomia_bateria,3.0
1422,36,5.2_eficiencia_carga,4.0
1423,36,5.3_consumo_standby,3.0
1424,36,5.4_dimensionamento_fonte,3.0
1425,36,5.5_modo_sleep,4.0
1426,36,6.1_protecao_ip_agua,4.0
1427,36,6.2_resistencia_termica,4.0
1428,36,6.3_integridade_mecanica,4.0
1429,36,6.4_resistencia_impacto,3.0
1430,36,6.5_durabilidade_conector,3.0
1431,36,7.1_perda_pacotes,4.0
1432,36,7.2_latencia_nuvem,5.0
1433,36,7.3_integridade_backup,4.0
1434,36,7.4_resiliencia_api,3.0
1435,36,7.5_seguranca_cripto,5.0
1436,36,8.1_risco_supply_chain,5.0
1437,36,8.2_frequencia_manutencao,3.0
1438,36,8.3_indice_reparabilidade,3.0
1439,36,8.4_tempo_montagem,3.0
1440,36,8.5_ciclo_vida_material,5.0
1441,37,1.1_precisao_basica,3.0
1442,37,1.2_calibracao,4.0
1443,37,1.3_estabilidade_leitura,5.0
1444,37,1.4_latencia_sinal,5.0
1445,37,1.5_relacao_sinal_ruido,5.0
1446,37,2.1_custo_bom,4.0
1447,37,2.2_custo_opex,4.0
1448,37,2.3_tempo_deploy,4.0
1449,37,2.4_escalabilidade_fabril,4.0
1450,37,2.5_competitividade_preco,4.0
1451,37,3.1_mtbf_teorico,3.0
1452,37,3.2_tratamento_erros,3.0
1453,37,3.3_estabilidade_firmware,5.0
1454,37,3.4_tempo_recuperacao,4.0
1455,37,3.5_stress_test,3.0
1456,37,4.1_tempo_instalacao,4.0
1457,37,4.2_facilidade_config,5.0
1458,37,4.3_clareza_dashboard,4.0
1459,37,4.4_feedback_usuario,3.0
1460,37,4.5_doc_tecnica,3.0
1461,37,5.1_autonomia_bateria,3.0
1462,37,5.2_eficiencia_carga,4.0
1463,37,5.3_consumo_standby,3.0
1464,37,5.4_dimensionamento_fonte,3.0
1465,37,5.5_modo_sleep,5.0
1466,37,6.1_protecao_ip_agua,5.0
1467,37,6.2_resistencia_termica,4.0
1468,37,6.3_integridade_mecanica,4.0
1469,37,6.4_resistencia_impacto,3.0
1470,37,6.5_durabilidade_conector,4.0
1471,37,7.1_perda_pacotes,5.0
1472,37,7.2_latencia_nuvem,3.0
1473,37,7.3_integridade_backup,4.0
1474,37,7.4_resiliencia_api,3.0
1475,37,7.5_seguranca_cripto,5.0
1476,37,8.1_risco_supply_chain,5.0
1477,37,8.2_frequencia_manutencao,5.0
1478,37,8.3_indice_reparabilidade,5.0
1479,37,8.4_tempo_montagem,4.0
1480,37,8.5_ciclo_vida_material,5.0
1481,38,1.1_precisao_basica,3.0
1482,38,1.2_calibracao,2.0
1483,38,1.3_estabilidade_leitura,3.0
1484,38,1.4_latencia_sinal,2.0
1485,38,1.5_relacao_sinal_ruido,3.0
1486,38,2.1_custo_bom,1.0
1487,38,2.2_custo_opex,3.0
1488,38,2.3_tempo_deploy,3.0
1489,38,2.4_escalabilidade_fabril,1.0
1490,38,2.5_competitividade_preco,1.0
1491,38,3.1_mtbf_teorico,1.0
1492,38,3.2_tratamento_erros,3.0
1493,38,3.3_estabilidade_firmware,1.0
1494,38,3.4_tempo_recuperacao,3.0
1495,38,3.5_stress_test,1.0
1496,38,4.1_tempo_instalacao,2.0
1497,38,4.2_facilidade_config,2.0
1498,38,4.3_clareza_dashboard,2.0
1499,38,4.4_feedback_usuario,3.0
1500,38,4.5_doc_tecnica,1.0
1501,38,5.1_autonomia_bateria,3.0
1502,38,5.2_eficiencia_carga,2.0
1503,38,5.3_consumo_standby,1.0
1504,38,5.4_dimensionamento_fonte,2.0
1505,38,5.5_modo_sleep,2.0
1506,38,6.1_protecao_ip_agua,1.0
1507,38,6.2_resistencia_termica,1.0
1508,38,6.3_integridade_mecanica,3.0
1509,38,6.4_resistencia_impacto,3.0
1510,38,6.5_durabilidade_conector,2.0
1511,38,7.1_perda_pacotes,2.0
1512,38,7.2_latencia_nuvem,3.0
1513,38,7.3_integridade_backup,1.0
1514,38,7.4_resiliencia_api,3.0
1515,38,7.5_seguranca_cripto,2.0
1516,38,8.1_risco_supply_chain,2.0
1517,38,8.2_frequencia_manutencao,3.0
1518,38,8.3_indice_reparabilidade,2.0
1519,38,8.4_tempo_montagem,3.0
1520,38,8.5_ciclo_vida_material,3.0
1521,39,1.1_precisao_basica,4.0
1522,39,1.2_calibracao,5.0
1523,39,1.3_estabilidade_leitura,4.0
1524,39,1.4_latencia_sinal,5.0
1525,39,1.5_relacao_sinal_ruido,4.0
1526,39,2.1_custo_bom,3.0
1527,39,2.2_custo_opex,3.0
1528,39,2.3_tempo_deploy,3.0
1529,39,2.4_escalabilidade_fabril,3.0
1530,39,2.5_competitividade_preco,5.0
1531,39,3.1_mtbf_teorico,4.0
1532,39,3.2_tratamento_erros,4.0
1533,39,3.3_estabilidade_firmware,3.0
1534,39,3.4_tempo_recuperacao,5.0
1535,39,3.5_stress_test,4.0
1536,39,4.1_tempo_instalacao,3.0
1537,39,4.2_facilidade_config,3.0
1538,39,4.3_clareza_dashboard,3.0
1539,39,4.4_feedback_usuario,3.0
1540,39,4.5_doc_tecnica,5.0
1541,39,5.1_autonomia_bateria,3.0
1542,39,5.2_eficiencia_carga,5.0
1543,39,5.3_consumo_standby,5.0
1544,39,5.4_dimensionamento_fonte,3.0
1545,39,5.5_modo_sleep,4.0
1546,39,6.1_protecao_ip_agua,4.0
1547,39,6.2_resistencia_termica,3.0
1548,39,6.3_integridade_mecanica,3.0
1549,39,6.4_resistencia_impacto,4.0
1550,39,6.5_durabilidade_conector,5.0
1551,39,7.1_perda_pacotes,5.0
1552,39,7.2_latencia_nuvem,4.0
1553,39,7.3_integridade_backup,5.0
1554,39,7.4_resiliencia_api,3.0
1555,39,7.5_seguranca_cripto,5.0
1556,39,8.1_risco_supply_chain,3.0
1557,39,8.2_frequencia_manutencao,3.0
1558,39,8.3_indice_reparabilidade,3.0
1559,39,8.4_tempo_montagem,4.0
1560,39,8.5_ciclo_vida_material,5.0
1561,40,1.1_precisao_basica,5.0
1562,40,1.2_calibracao,5.0
1563,40,1.3_estabilidade_leitura,3.0
1564,40,1.4_latencia_sinal,5.0
1565,40,1.5_relacao_sinal_ruido,3.0
1566,40,2.1_custo_bom,5.0
1567,40,2.2_custo_opex,4.0
1568,40,2.3_tempo_deploy,3.0
1569,40,2.4_escalabilidade_fabril,4.0
1570,40,2.5_competitividade_preco,5.0
1571,40,3.1_mtbf_teorico,3.0
1572,40,3.2_tratamento_erros,4.0
1573,40,3.3_estabilidade_firmware,4.0
1574,40,3.4_tempo_recuperacao,4.0
1575,40,3.5_stress_test,5.0
1576,40,4.1_tempo_instalacao,5.0
1577,40,4.2_facilidade_config,3.0
1578,40,4.3_clareza_dashboard,5.0
1579,40,4.4_feedback_usuario,4.0
1580,40,4.5_doc_tecnica,4.0
1581,40,5.1_autonomia_bateria,4.0
1582,40,5.2_eficiencia_carga,5.0
1583,40,5.3_consumo_standby,3.0
1584,40,5.4_dimensionamento_fonte,3.0
1585,40,5.5_modo_sleep,4.0
1586,40,6.1_protecao_ip_agua,5.0
1587,40,6.2_resistencia_termica,5.0
1588,40,6.3_integridade_mecanica,5.0
1589,40,6.4_resistencia_impacto,3.0
1590,40,6.5_durabilidade_conector,5.0
1591,40,7.1_perda_pacotes,5.0
1592,40,7.2_latencia_nuvem,5.0
1593,40,7.3_integridade_backup,4.0
1594,40,7.4_resiliencia_api,3.0
1595,40,7.5_seguranca_cripto,4.0
1596,40,8.1_risco_supply_chain,3.0
1597,40,8.2_frequencia_manutencao,5.0
1598,40,8.3_indice_reparabilidade,4.0
1599,40,8.4_tempo_montagem,3.0
1600,40,8.5_ciclo_vida_material,4.0
1601,41,1.1_precisao_basica,4.0
1602,41,1.2_calibracao,3.0
1603,41,1.3_estabilidade_leitura,5.0
1604,41,1.4_latencia_sinal,4.0
1605,41,1.5_relacao_sinal_ruido,5.0
1606,41,2.1_custo_bom,4.0
1607,41,2.2_custo_opex,4.0
1608,41,2.3_tempo_deploy,5.0
1609,41,2.4_escalabilidade_fabril,5.0
1610,41,2.5_competitividade_preco,4.0
1611,41,3.1_mtbf_teorico,4.0
1612,41,3.2_tratamento_erros,3.0
1613,41,3.3_estabilidade_firmware,4.0
1614,41,3.4_tempo_recuperacao,3.0
1615,41,3.5_stress_test,4.0
1616,41,4.1_tempo_instalacao,3.0
1617,41,4.2_facilidade_config,5.0
1618,41,4.3_clareza_dashboard,5.0
1619,41,4.4_feedback_usuario,4.0
1620,41,4.5_doc_tecnica,4.0
1621,41,5.1_autonomia_bateria,5.0
1622,41,5.2_eficiencia_carga,4.0
1623,41,5.3_consumo_standby,3.0
1624,41,5.4_dimensionamento_fonte,5.0
1625,41,5.5_modo_sleep,5.0
1626,41,6.1_protecao_ip_agua,5.0
1627,41,6.2_resistencia_termica,3.0
1628,41,6.3_integridade_mecanica,4.0
1629,41,6.4_resistencia_impacto,5.0
1630,41,6.5_durabilidade_conector,5.0
1631,41,7.1_perda_pacotes,5.0
1632,41,7.2_latencia_nuvem,5.0
1633,41,7.3_integridade_backup,3.0
1634,41,7.4_resiliencia_api,3.0
1635,41,7.5_seguranca_cripto,4.0
1636,41,8.1_risco_supply_chain,4.0
1637,41,8.2_frequencia_manutencao,5.0
1638,41,8.3_indice_reparabilidade,5.0
1639,41,8.4_tempo_montagem,4.0
1640,41,8.5_ciclo_vida_material,3.0
1641,42,1.1_precisao_basica,3.0
1642,42,1.2_calibracao,3.0
1643,42,1.3_estabilidade_leitura,3.0
1644,42,1.4_latencia_sinal,4.0
1645,42,1.5_relacao_sinal_ruido,3.0
1646,42,2.1_custo_bom,4.0
1647,42,2.2_custo_opex,5.0
1648,42,2.3_tempo_deploy,5.0
1649,42,2.4_escalabilidade_fabril,5.0
1650,42,2.5_competitividade_preco,3.0
1651,42,3.1_mtbf_teorico,3.0
1652,42,3.2_tratamento_erros,3.0
1653,42,3.3_estabilidade_firmware,3.0
1654,42,3.4_tempo_recuperacao,5.0
1655,42,3.5_stress_test,3.0
1656,42,4.1_tempo_instalacao,3.0
1657,42,4.2_facilidade_config,3.0
1658,42,4.3_clareza_dashboard,3.0
1659,42,4.4_feedback_usuario,3.0
1660,42,4.5_doc_tecnica,5.0
1661,42,5.1_autonomia_bateria,5.0
1662,42,5.2_eficiencia_carga,3.0
1663,42,5.3_consumo_standby,5.0
1664,42,5.4_dimensionamento_fonte,4.0
1665,42,5.5_modo_sleep,4.0
1666,42,6.1_protecao_ip_agua,4.0
1667,42,6.2_resistencia_termica,5.0
1668,42,6.3_integridade_mecanica,5.0
1669,42,6.4_resistencia_impacto,3.0
1670,42,6.5_durabilidade_conector,4.0
1671,42,7.1_perda_pacotes,4.0
1672,42,7.2_latencia_nuvem,5.0
1673,42,7.3_integridade_backup,5.0
1674,42,7.4_resiliencia_api,4.0
1675,42,7.5_seguranca_cripto,3.0
1676,42,8.1_risco_supply_chain,4.0
1677,42,8.2_frequencia_manutencao,3.0
1678,42,8.3_indice_reparabilidade,4.0
1679,42,8.4_tempo_montagem,3.0
1680,42,8.5_ciclo_vida_material,5.0
1681,43,1.1_precisao_basica,2.0
1682,43,1.2_calibracao,3.0
1683,43,1.3_estabilidade_leitura,1.0
1684,43,1.4_latencia_sinal,3.0
1685,43,1.5_relacao_sinal_ruido,2.0
1686,43,2.1_custo_bom,3.0
1687,43,2.2_custo_opex,3.0
1688,43,2.3_tempo_deploy,2.0
1689,43,2.4_escalabilidade_fabril,3.0
1690,43,2.5_competitividade_preco,2.0
1691,43,3.1_mtbf_teorico,2.0
1692,43,3.2_tratamento_erros,2.0
1693,43,3.3_estabilidade_firmware,2.0
1694,43,3.4_tempo_recuperacao,2.0
1695,43,3.5_stress_test,3.0
1696,43,4.1_tempo_instalacao,3.0
1697,43,4.2_facilidade_config,2.0
1698,43,4.3_clareza_dashboard,1.0
1699,43,4.4_feedback_usuario,3.0
1700,43,4.5_doc_tecnica,3.0
1701,43,5.1_autonomia_bateria,2.0
1702,43,5.2_eficiencia_carga,1.0
1703,43,5.3_consumo_standby,2.0
1704,43,5.4_dimensionamento_fonte,1.0
1705,43,5.5_modo_sleep,2.0
1706,43,6.1_protecao_ip_agua,3.0
1707,43,6.2_resistencia_termica,3.0
1708,43,6.3_integridade_mecanica,1.0
1709,43,6.4_resistencia_impacto,2.0
1710,43,6.5_durabilidade_conector,2.0
1711,43,7.1_perda_pacotes,2.0
1712,43,7.2_latencia_nuvem,1.0
1713,43,7.3_integridade_backup,2.0
1714,43,7.4_resiliencia_api,2.0
1715,43,7.5_seguranca_cripto,1.0
1716,43,8.1_risco_supply_chain,2.0
1717,43,8.2_frequencia_manutencao,3.0
1718,43,8.3_indice_reparabilidade,1.0
1719,43,8.4_tempo_montagem,1.0
1720,43,8.5_ciclo_vida_material,3.0
1721,44,1.1_precisao_basica,3.0
1722,44,1.2_calibracao,3.0
1723,44,1.3_estabilidade_leitura,4.0
1724,44,1.4_latencia_sinal,4.0
1725,44,1.5_relacao_sinal_ruido,4.0
1726,44,2.1_custo_bom,3.0
1727,44,2.2_custo_opex,3.0
1728,44,2.3_tempo_deploy,5.0
1729,44,2.4_escalabilidade_fabril,4.0
1730,44,2.5_competitividade_preco,3.0
1731,44,3.1_mtbf_teorico,4.0
1732,44,3.2_tratamento_erros,3.0
1733,44,3.3_estabilidade_firmware,4.0
1734,44,3.4_tempo_recuperacao,5.0
1735,44,3.5_stress_test,4.0
1736,44,4.1_tempo_instalacao,5.0
1737,44,4.2_facilidade_config,4.0
1738,44,4.3_clareza_dashboard,4.0
1739,44,4.4_feedback_usuario,4.0
1740,44,4.5_doc_tecnica,4.0
1741,44,5.1_autonomia_bateria,5.0
1742,44,5.2_eficiencia_carga,3.0
1743,44,5.3_consumo_standby,5.0
1744,44,5.4_dimensionamento_fonte,5.0
1745,44,5.5_modo_sleep,3.0
1746,44,6.1_protecao_ip_agua,4.0
1747,44,6.2_resistencia_termica,4.0
1748,44,6.3_integridade_mecanica,5.0
1749,44,6.4_resistencia_impacto,4.0
1750,44,6.5_durabilidade_conector,3.0
1751,44,7.1_perda_pacotes,5.0
1752,44,7.2_latencia_nuvem,5.0
1753,44,7.3_integridade_backup,4.0
1754,44,7.4_resiliencia_api,3.0
1755,44,7.5_seguranca_cripto,3.0
1756,44,8.1_risco_supply_chain,3.0
1757,44,8.2_frequencia_manutencao,3.0
1758,44,8.3_indice_reparabilidade,5.0
1759,44,8.4_tempo_montagem,5.0
1760,44,8.5_ciclo_vida_material,4.0
1761,45,1.1_precisao_basica,4.0
1762,45,1.2_calibracao,3.0
1763,45,1.3_estabilidade_leitura,3.0
1764,45,1.4_latencia_sinal,3.0
1765,45,1.5_relacao_sinal_ruido,5.0
1766,45,2.1_custo_bom,4.0
1767,45,2.2_custo_opex,4.0
1768,45,2.3_tempo_deploy,3.0
1769,45,2.4_escalabilidade_fabril,3.0
1770,45,2.5_competitividade_preco,5.0
1771,45,3.1_mtbf_teorico,4.0
1772,45,3.2_tratamento_erros,3.0
1773,45,3.3_estabilidade_firmware,5.0
1774,45,3.4_tempo_recuperacao,4.0
1775,45,3.5_stress_test,5.0
1776,45,4.1_tempo_instalacao,4.0
1777,45,4.2_facilidade_config,4.0
1778,45,4.3_clareza_dashboard,5.0
1779,45,4.4_feedback_usuario,3.0
1780,45,4.5_doc_tecnica,5.0
1781,45,5.1_autonomia_bateria,5.0
1782,45,5.2_eficiencia_carga,5.0
1783,45,5.3_consumo_standby,4.0
1784,45,5.4_dimensionamento_fonte,3.0
1785,45,5.5_modo_sleep,4.0
1786,45,6.1_protecao_ip_agua,4.0
1787,45,6.2_resistencia_termica,3.0
1788,45,6.3_integridade_mecanica,4.0
1789,45,6.4_resistencia_impacto,4.0
1790,45,6.5_durabilidade_conector,4.0
1791,45,7.1_perda_pacotes,3.0
1792,45,7.2_latencia_nuvem,5.0
1793,45,7.3_integridade_backup,5.0
1794,45,7.4_resiliencia_api,4.0
1795,45,7.5_seguranca_cripto,4.0
1796,45,8.1_risco_supply_chain,5.0
1797,45,8.2_frequencia_manutencao,4.0
1798,45,8.3_indice_reparabilidade,4.0
1799,45,8.4_tempo_montagem,3.0
1800,45,8.5_ciclo_vida_material,5.0
